{
	"id": "98e257d2-29a1-4978-9578-65e0fc689867",
	"name": "assignment6",
	"values": [
		{
			"key": "app_url",
			"value": "https://hw6-tarpaulin-tool-logandom.uc.r.appspot.com",
			"type": "default",
			"enabled": true
		},
		{
			"key": "password",
			"value": "TenMo32$",
			"type": "default",
			"enabled": true
		},
		{
			"key": "admin1_username",
			"value": "admin1@osu.com",
			"type": "default",
			"enabled": true
		},
		{
			"key": "instructor1_username",
			"value": "instructor1@osu.com",
			"type": "default",
			"enabled": true
		},
		{
			"key": "instructor2_username",
			"value": "instructor2@osu.com",
			"type": "default",
			"enabled": true
		},
		{
			"key": "student1_username",
			"value": "student1@osu.com",
			"type": "default",
			"enabled": true
		},
		{
			"key": "student2_username",
			"value": "student2@osu.com",
			"type": "default",
			"enabled": true
		},
		{
			"key": "student3_username",
			"value": "student3@osu.com",
			"type": "default",
			"enabled": true
		},
		{
			"key": "student4_username",
			"value": "student4@osu.com",
			"type": "default",
			"enabled": true
		},
		{
			"key": "student5_username",
			"value": "student5@osu.com",
			"type": "default",
			"enabled": true
		},
		{
			"key": "student6_username",
			"value": "student6@osu.com",
			"type": "default",
			"enabled": true
		},
		{
			"key": "invalid_username",
			"value": "invalid_username",
			"type": "default",
			"enabled": true
		},
		{
			"key": "invalid_password",
			"value": "invalid_password",
			"type": "default",
			"enabled": true
		},
		{
			"key": "invalid_jwt",
			"value": "invalid_jwt",
			"type": "default",
			"enabled": true
		},
		{
			"key": "invalid_course_id",
			"value": "1",
			"type": "default",
			"enabled": true
		}
	],
	"_postman_variable_scope": "environment",
	"_postman_exported_at": "2024-05-19T00:59:26.790Z",
	"_postman_exported_using": "Postman/11.1.3"
}